{"stat.mineBlock.minecraft.stonebrick":29,"stat.useItem.minecraft.chest":5,"stat.mineBlock.minecraft.furnace":3,"stat.craftItem.minecraft.bed":1,"stat.craftItem.minecraft.wooden_pickaxe":1,"stat.killEntity.Sheep":3,"stat.useItem.minecraft.cobblestone":141,"stat.craftItem.minecraft.iron_sword":1,"stat.craftItem.minecraft.cooked_chicken":4,"stat.useItem.minecraft.iron_hoe":4,"stat.craftItem.minecraft.chest":2,"achievement.openInventory":100,"stat.craftItem.minecraft.spruce_door":6,"stat.damageDealt":8485,"stat.crouchOneCm":18974,"stat.useItem.minecraft.diamond_pickaxe":16,"achievement.exploreAllBiomes":{"value":0,"progress":["Extreme Hills+","Ocean","Extreme Hills","Beach","Birch Forest","River","Swampland","Birch Forest Hills"]},"stat.useItem.minecraft.log":57,"stat.craftItem.minecraft.iron_pickaxe":7,"stat.useItem.minecraft.spruce_door":9,"stat.mineBlock.minecraft.yellow_flower":1,"stat.craftItem.minecraft.furnace":8,"stat.craftItem.minecraft.torch":140,"stat.mineBlock.minecraft.log":157,"stat.breakItem.minecraft.stone_shovel":1,"stat.useItem.minecraft.cooked_mutton":4,"stat.useItem.minecraft.planks":267,"stat.fallOneCm":18199,"stat.mineBlock.minecraft.diamond_ore":12,"stat.flyOneCm":26389,"stat.mineBlock.minecraft.chest":3,"achievement.buildPickaxe":2,"stat.mineBlock.minecraft.torch":14,"stat.mineBlock.minecraft.iron_ore":110,"stat.useItem.minecraft.cooked_chicken":4,"stat.damageTaken":670,"stat.useItem.minecraft.torch":114,"stat.useItem.minecraft.bed":1,"stat.useItem.minecraft.stone_pickaxe":128,"stat.craftItem.minecraft.cooked_mutton":4,"stat.useItem.minecraft.water_bucket":22,"stat.useItem.minecraft.wheat_seeds":3,"stat.killEntity.Chicken":4,"stat.mineBlock.minecraft.cobblestone":5,"stat.mineBlock.minecraft.gold_ore":4,"stat.craftItem.minecraft.stone_pickaxe":1,"stat.useItem.minecraft.stonebrick":477,"achievement.buildWorkBench":1,"stat.useItem.minecraft.furnace":11,"stat.breakItem.minecraft.stone_pickaxe":1,"stat.useItem.minecraft.birch_door":3,"stat.climbOneCm":320,"stat.mineBlock.minecraft.stone_stairs":7,"stat.drop":5,"achievement.buildHoe":1,"stat.useItem.minecraft.bow":3,"stat.craftItem.minecraft.iron_hoe":1,"achievement.mineWood":148,"stat.craftItem.minecraft.iron_axe":1,"stat.mineBlock.minecraft.crafting_table":1,"stat.useItem.minecraft.iron_axe":170,"stat.useItem.minecraft.cooked_porkchop":7,"stat.killEntity.Creeper":2,"stat.craftItem.minecraft.stonebrick":448,"stat.craftItem.minecraft.diamond_pickaxe":1,"stat.mineBlock.minecraft.planks":7,"stat.useItem.minecraft.crafting_table":3,"stat.playOneMinute":196287,"stat.killEntity.Pig":3,"stat.useItem.minecraft.stone_shovel":132,"stat.killEntity.Enderman":1,"stat.leaveGame":4,"stat.diveOneCm":33154,"stat.craftItem.minecraft.iron_ingot":110,"achievement.buildBetterPickaxe":2,"stat.killEntity.Spider":3,"stat.craftItem.minecraft.stone_stairs":292,"stat.timeSinceDeath":184860,"stat.craftItem.minecraft.cooked_porkchop":7,"stat.craftItem.minecraft.stone_shovel":1,"stat.mineBlock.minecraft.leaves":26,"stat.useItem.minecraft.gravel":16,"stat.craftItem.minecraft.stick":72,"stat.craftItem.minecraft.bucket":1,"stat.entityKilledBy.Skeleton":1,"stat.swimOneCm":45416,"stat.killEntity.Skeleton":7,"stat.walkOneCm":1268616,"stat.mineBlock.minecraft.coal_ore":120,"stat.jump":2343,"stat.craftItem.minecraft.stone":448,"stat.mineBlock.minecraft.tallgrass":29,"stat.breakItem.minecraft.iron_pickaxe":7,"stat.useItem.minecraft.iron_sword":127,"stat.deaths":1,"stat.mineBlock.minecraft.gravel":30,"stat.craftItem.minecraft.crafting_table":2,"stat.mobKills":39,"stat.mineBlock.minecraft.stone":1594,"stat.useItem.minecraft.bucket":22,"stat.useItem.minecraft.stone_stairs":165,"stat.craftItem.minecraft.planks":372,"stat.killEntity.Zombie":14,"stat.mineBlock.minecraft.redstone_ore":15,"stat.mineBlock.minecraft.dirt":261,"stat.useItem.minecraft.wooden_pickaxe":23,"stat.craftItem.minecraft.birch_door":3,"stat.useItem.minecraft.iron_pickaxe":1753,"stat.useItem.minecraft.carrot":1,"stat.sprintOneCm":173978,"stat.useItem.minecraft.dirt":294}