{"stat.useItem.minecraft.chest":4,"stat.mineBlock.minecraft.furnace":2,"stat.craftItem.minecraft.iron_helmet":1,"stat.craftItem.minecraft.wooden_pickaxe":2,"stat.craftItem.minecraft.bed":1,"stat.mineBlock.minecraft.sand":20,"stat.useItem.minecraft.cobblestone":208,"stat.craftItem.minecraft.iron_sword":1,"stat.useItem.minecraft.brown_mushroom":1,"stat.craftItem.minecraft.cooked_chicken":1,"stat.breakItem.minecraft.wooden_axe":1,"stat.craftItem.minecraft.chest":4,"achievement.acquireIron":18,"achievement.openInventory":188,"stat.damageDealt":7190,"stat.killEntity.Cow":1,"stat.crouchOneCm":55,"stat.useItem.minecraft.shears":6,"stat.mineBlock.minecraft.red_mushroom":4,"stat.craftItem.minecraft.birch_fence_gate":1,"achievement.exploreAllBiomes":{"value":0,"progress":["Extreme Hills","Ocean","Beach","Birch Forest","Stone Beach","Swampland","River"]},"stat.craftItem.minecraft.iron_pickaxe":1,"stat.craftItem.minecraft.iron_chestplate":1,"stat.craftItem.minecraft.bowl":4,"stat.craftItem.minecraft.furnace":2,"stat.craftItem.minecraft.torch":74,"stat.mineBlock.minecraft.log":106,"achievement.cookFish":6,"stat.breakItem.minecraft.stone_shovel":1,"stat.useItem.minecraft.planks":92,"stat.fallOneCm":7069,"stat.flyOneCm":11337,"achievement.buildPickaxe":36,"stat.mineBlock.minecraft.torch":1,"stat.mineBlock.minecraft.birch_fence":4,"stat.craftItem.minecraft.cooked_beef":2,"stat.mineBlock.minecraft.iron_ore":48,"achievement.buildFurnace":4,"stat.damageTaken":1615,"stat.useItem.minecraft.torch":50,"stat.useItem.minecraft.boat":3,"stat.craftItem.minecraft.coal":11,"stat.craftItem.minecraft.bread":12,"stat.useItem.minecraft.bed":1,"stat.useItem.minecraft.stone_pickaxe":1936,"stat.breakItem.minecraft.wooden_pickaxe":2,"stat.useItem.minecraft.water_bucket":2,"stat.craftItem.minecraft.stone_axe":4,"stat.mineBlock.minecraft.brown_mushroom":5,"stat.useItem.minecraft.wheat_seeds":110,"stat.killEntity.Chicken":1,"stat.craftItem.minecraft.stone_pickaxe":16,"stat.mineBlock.minecraft.cobblestone":3,"stat.craftItem.minecraft.wooden_shovel":1,"stat.useItem.minecraft.cooked_fish":3,"achievement.buildWorkBench":6,"stat.useItem.minecraft.stone":39,"stat.treasureFished":1,"stat.useItem.minecraft.furnace":4,"stat.breakItem.minecraft.stone_pickaxe":14,"stat.useItem.minecraft.birch_door":2,"stat.craftItem.minecraft.iron_leggings":1,"stat.climbOneCm":9936,"achievement.killCow":1,"stat.useItem.minecraft.stone_sword":109,"stat.craftItem.minecraft.book":5,"stat.drop":5,"achievement.buildHoe":2,"stat.craftItem.minecraft.birch_fence":70,"stat.craftItem.minecraft.boat":2,"stat.mineBlock.minecraft.wooden_slab":7,"stat.useItem.minecraft.reeds":13,"achievement.mineWood":97,"stat.useItem.minecraft.cooked_beef":2,"achievement.makeBread":24,"stat.mineBlock.minecraft.crafting_table":1,"stat.useItem.minecraft.sand":4,"achievement.killEnemy":27,"stat.craftItem.minecraft.mushroom_stew":2,"stat.useItem.minecraft.cooked_porkchop":6,"achievement.bakeCake":2,"stat.killEntity.Creeper":2,"stat.mineBlock.minecraft.planks":1,"stat.useItem.minecraft.crafting_table":4,"stat.craftItem.minecraft.paper":57,"stat.playOneMinute":611129,"stat.killEntity.Rabbit":2,"stat.craftItem.minecraft.cake":1,"stat.killEntity.Pig":3,"stat.useItem.minecraft.stone_hoe":21,"stat.useItem.minecraft.stone_shovel":132,"stat.useItem.minecraft.birch_fence":59,"stat.leaveGame":6,"stat.diveOneCm":72052,"stat.useItem.minecraft.cooked_rabbit":2,"stat.craftItem.minecraft.iron_ingot":48,"stat.useItem.minecraft.glass":3,"achievement.buildBetterPickaxe":34,"stat.killEntity.Spider":5,"stat.timeSinceDeath":3908,"stat.useItem.minecraft.birch_fence_gate":1,"stat.craftItem.minecraft.glass":8,"stat.craftItem.minecraft.cooked_porkchop":6,"stat.craftItem.minecraft.stone_shovel":1,"stat.animalsBred":8,"stat.mineBlock.minecraft.leaves":383,"stat.useItem.minecraft.gravel":5,"stat.craftItem.minecraft.stick":142,"stat.boatOneCm":34601,"achievement.buildSword":7,"stat.craftItem.minecraft.wooden_axe":1,"stat.craftItem.minecraft.bucket":3,"stat.useItem.minecraft.fishing_rod":15,"stat.swimOneCm":102979,"stat.fishCaught":4,"stat.craftItem.minecraft.wooden_slab":24,"stat.killEntity.Skeleton":7,"stat.horseOneCm":5603,"stat.walkOneCm":1159126,"stat.craftItem.minecraft.compass":1,"stat.mineBlock.minecraft.coal_ore":110,"stat.useItem.minecraft.bread":8,"stat.craftItem.minecraft.stone_hoe":1,"stat.craftItem.minecraft.fishing_rod":1,"stat.jump":1715,"stat.craftItem.minecraft.stone":304,"stat.mineBlock.minecraft.tallgrass":56,"stat.craftItem.minecraft.stone_sword":2,"stat.useItem.minecraft.iron_sword":4,"stat.craftItem.minecraft.sign":6,"achievement.breedCow":8,"stat.deaths":1,"stat.useItem.minecraft.wooden_slab":34,"stat.useItem.minecraft.stone_axe":341,"stat.mineBlock.minecraft.gravel":183,"stat.craftItem.minecraft.crafting_table":3,"stat.mobKills":36,"stat.craftItem.minecraft.cooked_rabbit":2,"stat.mineBlock.minecraft.stone":1983,"stat.useItem.minecraft.bucket":3,"stat.craftItem.minecraft.planks":388,"stat.killEntity.Zombie":13,"stat.mineBlock.minecraft.redstone_ore":5,"stat.useItem.minecraft.sign":5,"stat.mineBlock.minecraft.dirt":166,"stat.useItem.minecraft.wooden_axe":62,"stat.craftItem.minecraft.shears":1,"stat.useItem.minecraft.wooden_pickaxe":120,"stat.useItem.minecraft.wooden_sword":21,"stat.craftItem.minecraft.wooden_sword":1,"stat.killEntity.Squid":1,"stat.craftItem.minecraft.cooked_fish":3,"stat.craftItem.minecraft.birch_door":3,"stat.useItem.minecraft.wooden_shovel":59,"stat.useItem.minecraft.iron_pickaxe":109,"stat.craftItem.minecraft.sugar":4,"stat.craftItem.minecraft.iron_boots":1,"stat.breakItem.minecraft.stone_axe":2,"stat.sprintOneCm":240,"stat.useItem.minecraft.dirt":202}