{"stat.useItem.minecraft.chest":2,"stat.craftItem.minecraft.iron_helmet":1,"stat.craftItem.minecraft.wooden_pickaxe":2,"stat.craftItem.minecraft.bed":1,"stat.killEntity.Sheep":3,"stat.useItem.minecraft.cobblestone":47,"achievement.exploreAllBiomes":{"value":0,"progress":["Extreme Hills","Birch Forest","Beach","Plains","River","Swampland","Birch Forest Hills"]},"stat.craftItem.minecraft.iron_pickaxe":5,"stat.craftItem.minecraft.iron_chestplate":1,"stat.mineBlock.minecraft.waterlily":3,"stat.craftItem.minecraft.chest":2,"stat.useItem.minecraft.wooden_door":5,"achievement.acquireIron":6,"achievement.openInventory":65,"stat.craftItem.minecraft.furnace":1,"stat.craftItem.minecraft.torch":180,"stat.damageDealt":4810,"stat.mineBlock.minecraft.log":52,"stat.useItem.minecraft.cooked_mutton":5,"stat.mineBlock.minecraft.vine":5,"stat.fallOneCm":2875,"stat.flyOneCm":5701,"stat.mineBlock.minecraft.torch":7,"achievement.buildPickaxe":14,"stat.mineBlock.minecraft.iron_ore":52,"achievement.buildFurnace":1,"stat.damageTaken":648,"stat.useItem.minecraft.torch":156,"stat.craftItem.minecraft.bread":8,"stat.useItem.minecraft.bed":2,"stat.useItem.minecraft.stone_pickaxe":270,"stat.craftItem.minecraft.cooked_mutton":5,"stat.breakItem.minecraft.wooden_pickaxe":1,"stat.useItem.minecraft.water_bucket":3,"stat.useItem.minecraft.wheat_seeds":67,"stat.mineBlock.minecraft.cobblestone":7,"stat.craftItem.minecraft.stone_pickaxe":3,"stat.craftItem.minecraft.ladder":9,"achievement.buildWorkBench":1,"stat.useItem.minecraft.dye":21,"stat.useItem.minecraft.stone":296,"stat.useItem.minecraft.furnace":1,"stat.breakItem.minecraft.stone_pickaxe":2,"stat.craftItem.minecraft.iron_leggings":1,"stat.useItem.minecraft.ladder":6,"stat.useItem.minecraft.stone_sword":59,"stat.climbOneCm":10591,"stat.mineBlock.minecraft.stone_stairs":67,"stat.useItem.minecraft.sapling":10,"stat.mineBlock.minecraft.pumpkin":2,"achievement.buildHoe":1,"stat.craftItem.minecraft.wooden_door":6,"achievement.makeBread":16,"achievement.mineWood":47,"stat.mineBlock.minecraft.red_flower":2,"stat.mineBlock.minecraft.crafting_table":1,"achievement.killEnemy":13,"stat.craftItem.minecraft.dye":21,"stat.mineBlock.minecraft.fence":3,"stat.killEntity.Creeper":1,"stat.useItem.minecraft.crafting_table":2,"stat.playOneMinute":186960,"stat.useItem.minecraft.stone_hoe":37,"stat.leaveGame":2,"stat.diveOneCm":9181,"stat.craftItem.minecraft.iron_ingot":51,"achievement.buildBetterPickaxe":12,"stat.craftItem.minecraft.stone_stairs":96,"stat.killEntity.Slime":1,"stat.mineBlock.minecraft.sapling":1,"stat.timeSinceDeath":175626,"stat.mineBlock.minecraft.leaves":15,"stat.useItem.minecraft.waterlily":1,"stat.craftItem.minecraft.stick":132,"achievement.buildSword":1,"stat.craftItem.minecraft.bucket":1,"stat.swimOneCm":21785,"stat.killEntity.Skeleton":7,"stat.walkOneCm":829224,"stat.mineBlock.minecraft.coal_ore":264,"stat.mineBlock.minecraft.lapis_ore":3,"stat.useItem.minecraft.bread":7,"stat.craftItem.minecraft.stone_hoe":1,"stat.jump":844,"stat.craftItem.minecraft.stone":230,"stat.entityKilledBy.Zombie":1,"stat.breakItem.minecraft.iron_pickaxe":4,"stat.craftItem.minecraft.stone_sword":1,"stat.mineBlock.minecraft.tallgrass":118,"stat.deaths":1,"stat.useItem.minecraft.stone_axe":40,"stat.craftItem.minecraft.crafting_table":1,"stat.mobKills":20,"stat.mineBlock.minecraft.stone":1004,"stat.useItem.minecraft.bucket":3,"stat.useItem.minecraft.stone_stairs":162,"stat.craftItem.minecraft.planks":212,"stat.killEntity.Zombie":6,"stat.mineBlock.minecraft.dirt":99,"stat.useItem.minecraft.wooden_pickaxe":60,"stat.killEntity.Squid":2,"stat.useItem.minecraft.iron_pickaxe":1076,"stat.craftItem.minecraft.iron_boots":1,"stat.sprintOneCm":11565,"stat.useItem.minecraft.dirt":104}