{"stat.useItem.minecraft.chest":6,"stat.useItem.minecraft.fence_gate":1,"stat.mineBlock.minecraft.furnace":1,"stat.craftItem.minecraft.cobblestone_wall":66,"stat.craftItem.minecraft.iron_helmet":1,"stat.craftItem.minecraft.wooden_pickaxe":3,"stat.craftItem.minecraft.bed":1,"stat.useItem.minecraft.cobblestone":239,"stat.craftItem.minecraft.iron_sword":2,"stat.breakItem.minecraft.wooden_axe":5,"stat.mineBlock.minecraft.waterlily":114,"stat.craftItem.minecraft.chest":4,"stat.useItem.minecraft.wooden_door":3,"achievement.acquireIron":10,"achievement.openInventory":77,"stat.damageDealt":16645,"stat.useItem.minecraft.fence":35,"stat.killEntity.Bat":1,"stat.breakItem.minecraft.stone_sword":1,"stat.mineBlock.minecraft.red_mushroom":1,"stat.craftItem.minecraft.birch_fence_gate":2,"stat.craftItem.minecraft.fence_gate":1,"achievement.exploreAllBiomes":{"value":0,"progress":["Extreme Hills+","Deep Ocean","Extreme Hills","Ocean","Plains","Beach","Birch Forest","Birch Forest Hills M","Swampland","Stone Beach","River","Birch Forest Hills"]},"stat.craftItem.minecraft.iron_pickaxe":6,"stat.craftItem.minecraft.iron_chestplate":1,"stat.craftItem.minecraft.furnace":5,"stat.craftItem.minecraft.torch":104,"stat.mineBlock.minecraft.log":140,"stat.useItem.minecraft.planks":213,"stat.mineBlock.minecraft.vine":12,"stat.fallOneCm":8149,"stat.flyOneCm":5961,"stat.mineBlock.minecraft.chest":2,"achievement.buildPickaxe":8,"stat.mineBlock.minecraft.torch":4,"stat.mineBlock.minecraft.iron_ore":81,"achievement.buildFurnace":5,"stat.damageTaken":890,"stat.useItem.minecraft.torch":98,"stat.craftItem.minecraft.coal":13,"stat.useItem.minecraft.bed":1,"stat.useItem.minecraft.stone_pickaxe":132,"stat.breakItem.minecraft.wooden_pickaxe":3,"stat.mineBlock.minecraft.clay":19,"stat.useItem.minecraft.oak_stairs":93,"stat.mineBlock.minecraft.gold_ore":15,"stat.craftItem.minecraft.stone_pickaxe":1,"stat.mineBlock.minecraft.cobblestone":22,"stat.craftItem.minecraft.wooden_shovel":2,"achievement.buildWorkBench":2,"stat.useItem.minecraft.stone":24,"stat.useItem.minecraft.furnace":6,"stat.breakItem.minecraft.stone_pickaxe":1,"stat.craftItem.minecraft.iron_leggings":1,"stat.useItem.minecraft.stone_sword":137,"stat.climbOneCm":8529,"stat.mineBlock.minecraft.stone_stairs":7,"stat.useItem.minecraft.sapling":15,"stat.drop":12,"stat.craftItem.minecraft.wooden_door":3,"achievement.mineWood":140,"stat.craftItem.minecraft.iron_axe":1,"stat.mineBlock.minecraft.red_flower":1,"achievement.killEnemy":63,"stat.useItem.minecraft.iron_axe":26,"stat.mineBlock.minecraft.fence":14,"stat.useItem.minecraft.cooked_porkchop":11,"stat.craftItem.minecraft.oak_stairs":76,"stat.useItem.minecraft.egg":2,"stat.killEntity.Creeper":9,"stat.mineBlock.minecraft.planks":68,"stat.craftItem.minecraft.fence":21,"stat.useItem.minecraft.crafting_table":2,"stat.playOneMinute":289857,"stat.craftItem.minecraft.gold_ingot":15,"stat.killEntity.Pig":7,"stat.useItem.minecraft.stone_shovel":56,"stat.leaveGame":7,"stat.diveOneCm":133240,"stat.craftItem.minecraft.iron_ingot":81,"stat.breakItem.minecraft.wooden_shovel":2,"achievement.buildBetterPickaxe":7,"stat.killEntity.Spider":6,"stat.craftItem.minecraft.stone_stairs":192,"stat.killEntity.Slime":22,"stat.timeSinceDeath":279055,"stat.useItem.minecraft.birch_fence_gate":2,"stat.craftItem.minecraft.cooked_porkchop":13,"stat.craftItem.minecraft.stone_shovel":1,"stat.mineBlock.minecraft.leaves":42,"stat.useItem.minecraft.waterlily":88,"stat.craftItem.minecraft.stick":156,"achievement.buildSword":3,"stat.craftItem.minecraft.wooden_axe":5,"stat.craftItem.minecraft.bucket":2,"stat.swimOneCm":254452,"stat.killEntity.Skeleton":11,"stat.walkOneCm":1096016,"stat.mineBlock.minecraft.coal_ore":376,"stat.mineBlock.minecraft.oak_stairs":18,"stat.mineBlock.minecraft.lapis_ore":4,"stat.jump":1599,"stat.useItem.minecraft.apple":1,"stat.breakItem.minecraft.iron_pickaxe":6,"stat.mineBlock.minecraft.tallgrass":21,"stat.craftItem.minecraft.stone_sword":1,"stat.useItem.minecraft.iron_sword":142,"stat.useItem.minecraft.cobblestone_wall":68,"stat.deaths":1,"stat.mineBlock.minecraft.gravel":14,"stat.craftItem.minecraft.crafting_table":2,"stat.mobKills":88,"stat.mineBlock.minecraft.stone":1264,"stat.mineBlock.minecraft.cobblestone_wall":2,"stat.useItem.minecraft.stone_stairs":71,"stat.craftItem.minecraft.planks":512,"stat.craftItem.minecraft.trapdoor":2,"stat.mineBlock.minecraft.redstone_ore":32,"stat.killEntity.Zombie":32,"stat.mineBlock.minecraft.dirt":146,"stat.useItem.minecraft.wooden_axe":356,"stat.craftItem.minecraft.shears":1,"stat.useItem.minecraft.wooden_pickaxe":177,"stat.useItem.minecraft.wooden_shovel":146,"stat.useItem.minecraft.iron_pickaxe":1504,"stat.useItem.minecraft.trapdoor":1,"stat.craftItem.minecraft.iron_boots":1,"stat.sprintOneCm":901,"stat.useItem.minecraft.dirt":79}