{"stat.mineBlock.minecraft.stonebrick":16,"stat.useItem.minecraft.chest":4,"stat.mineBlock.minecraft.furnace":1,"stat.craftItem.minecraft.iron_helmet":1,"stat.mineBlock.minecraft.emerald_ore":1,"stat.craftItem.minecraft.wooden_pickaxe":6,"stat.useItem.minecraft.stone_brick_stairs":37,"stat.useItem.minecraft.cobblestone":1825,"stat.craftItem.minecraft.cooked_chicken":8,"stat.mineBlock.minecraft.monster_egg":2,"stat.breakItem.minecraft.wooden_axe":1,"stat.craftItem.minecraft.chest":3,"stat.craftItem.minecraft.wooden_hoe":1,"stat.craftItem.minecraft.arrow":28,"achievement.acquireIron":3,"stat.craftingTableInteraction":100,"achievement.openInventory":489,"stat.craftItem.minecraft.spruce_fence_gate":2,"stat.damageDealt":9740,"stat.killEntity.Bat":6,"stat.useItem.minecraft.spruce_fence":197,"stat.killEntity.Cow":1,"stat.mineBlock.minecraft.web":2,"stat.breakItem.minecraft.stone_sword":1,"stat.crouchOneCm":133363,"achievement.exploreAllBiomes":{"value":0,"progress":["Extreme Hills+","Extreme Hills","Plains","Beach","Birch Forest","Swampland","Stone Beach","River"]},"stat.mineBlock.minecraft.double_plant":50,"stat.useItem.minecraft.log":3,"stat.craftItem.minecraft.iron_pickaxe":1,"stat.mineBlock.minecraft.spruce_stairs":9,"stat.craftItem.minecraft.iron_chestplate":1,"stat.useItem.minecraft.snowball":4,"stat.craftItem.minecraft.furnace":2,"stat.craftItem.minecraft.torch":408,"stat.mineBlock.minecraft.log":288,"stat.breakItem.minecraft.stone_shovel":10,"stat.useItem.minecraft.planks":617,"stat.mineBlock.minecraft.diamond_ore":2,"stat.fallOneCm":35713,"stat.flyOneCm":21501,"stat.mineBlock.minecraft.chest":1,"achievement.buildPickaxe":27,"stat.mineBlock.minecraft.torch":96,"stat.craftItem.minecraft.cooked_beef":1,"achievement.buildFurnace":1,"stat.mineBlock.minecraft.iron_ore":113,"stat.damageTaken":1888,"stat.useItem.minecraft.cooked_chicken":8,"stat.useItem.minecraft.torch":509,"stat.craftItem.minecraft.coal":16,"stat.craftItem.minecraft.bread":48,"stat.useItem.minecraft.stone_pickaxe":3610,"stat.breakItem.minecraft.wooden_pickaxe":6,"stat.useItem.minecraft.water_bucket":71,"stat.craftItem.minecraft.stone_axe":5,"stat.useItem.minecraft.wheat_seeds":190,"stat.useItem.minecraft.yellow_flower":1,"stat.killEntity.Chicken":10,"stat.mineBlock.minecraft.gold_ore":6,"stat.craftItem.minecraft.stone_pickaxe":28,"stat.mineBlock.minecraft.cobblestone":350,"stat.craftItem.minecraft.ladder":12,"stat.craftItem.minecraft.wooden_shovel":3,"stat.mineBlock.minecraft.rail":5,"stat.useItem.minecraft.stonebrick":136,"achievement.buildWorkBench":4,"stat.useItem.minecraft.dye":9,"stat.useItem.minecraft.stone":9,"stat.useItem.minecraft.furnace":3,"stat.breakItem.minecraft.stone_pickaxe":27,"stat.mineBlock.minecraft.spruce_fence":104,"stat.useItem.minecraft.birch_door":5,"stat.craftItem.minecraft.iron_leggings":1,"stat.useItem.minecraft.ladder":24,"stat.useItem.minecraft.stone_sword":136,"stat.climbOneCm":6684,"stat.mineBlock.minecraft.stone_stairs":59,"stat.useItem.minecraft.sapling":66,"stat.drop":15,"stat.useItem.minecraft.bow":25,"achievement.mineWood":267,"stat.useItem.minecraft.spruce_stairs":73,"stat.useItem.minecraft.cooked_beef":1,"stat.mineBlock.minecraft.red_flower":11,"stat.mineBlock.minecraft.crafting_table":12,"achievement.killEnemy":37,"stat.craftItem.minecraft.dye":9,"achievement.diamonds":2,"stat.mineBlock.minecraft.fence":36,"stat.mineBlock.minecraft.snow_layer":18,"stat.useItem.minecraft.egg":8,"stat.killEntity.Creeper":3,"stat.craftItem.minecraft.stonebrick":224,"stat.mineBlock.minecraft.planks":206,"stat.useItem.minecraft.crafting_table":17,"stat.playOneMinute":716474,"stat.killEntity.Rabbit":2,"stat.useItem.minecraft.wooden_hoe":49,"stat.useItem.minecraft.stone_shovel":1344,"stat.leaveGame":3,"stat.mineBlock.minecraft.stone_brick_stairs":1,"stat.diveOneCm":4807,"stat.useItem.minecraft.cooked_rabbit":1,"stat.craftItem.minecraft.iron_ingot":105,"stat.breakItem.minecraft.wooden_shovel":2,"achievement.buildBetterPickaxe":27,"stat.craftItem.minecraft.bow":1,"stat.killEntity.Spider":6,"stat.craftItem.minecraft.stone_stairs":352,"stat.mineBlock.minecraft.sapling":11,"stat.timeSinceDeath":716474,"stat.craftItem.minecraft.stone_shovel":11,"stat.craftItem.minecraft.spruce_stairs":64,"stat.animalsBred":10,"stat.useItem.minecraft.gravel":128,"stat.mineBlock.minecraft.leaves":946,"stat.craftItem.minecraft.stick":332,"achievement.buildSword":2,"stat.craftItem.minecraft.wooden_axe":1,"stat.craftItem.minecraft.bucket":2,"stat.swimOneCm":28311,"stat.furnaceInteraction":61,"stat.useItem.minecraft.lava_bucket":3,"stat.killEntity.Skeleton":12,"stat.walkOneCm":3180490,"stat.killEntity.Silverfish":1,"stat.mineBlock.minecraft.coal_ore":520,"stat.mineBlock.minecraft.lapis_ore":5,"stat.useItem.minecraft.bread":34,"stat.craftItem.minecraft.stone_brick_stairs":36,"stat.jump":3006,"stat.mineBlock.minecraft.spruce_fence_gate":3,"stat.craftItem.minecraft.stone":231,"stat.mineBlock.minecraft.tallgrass":721,"stat.craftItem.minecraft.stone_sword":2,"stat.mineBlock.minecraft.ladder":15,"stat.craftItem.minecraft.sign":6,"stat.craftItem.minecraft.spruce_fence":99,"stat.useItem.minecraft.spruce_fence_gate":5,"stat.useItem.minecraft.stone_axe":641,"stat.mineBlock.minecraft.gravel":327,"stat.craftItem.minecraft.crafting_table":5,"stat.mobKills":62,"stat.craftItem.minecraft.cooked_rabbit":1,"stat.mineBlock.minecraft.stone":2876,"stat.useItem.minecraft.bucket":76,"stat.useItem.minecraft.stone_stairs":382,"stat.craftItem.minecraft.planks":1090,"stat.mineBlock.minecraft.redstone_ore":24,"stat.killEntity.Zombie":20,"stat.useItem.minecraft.sign":2,"stat.chestOpened":69,"stat.mineBlock.minecraft.dirt":1145,"stat.useItem.minecraft.wooden_axe":61,"stat.useItem.minecraft.wooden_pickaxe":354,"stat.useItem.minecraft.wooden_sword":44,"stat.craftItem.minecraft.wooden_sword":2,"stat.useItem.minecraft.iron_pickaxe":45,"stat.craftItem.minecraft.birch_door":3,"stat.useItem.minecraft.wooden_shovel":123,"stat.craftItem.minecraft.iron_boots":1,"stat.breakItem.minecraft.stone_axe":4,"stat.sprintOneCm":217226,"stat.useItem.minecraft.dirt":1137}