{"stat.crouchOneCm":5801,"stat.useItem.minecraft.diamond_pickaxe":10,"stat.useItem.minecraft.stone_brick_stairs":122,"stat.useItem.minecraft.cobblestone":334,"stat.useItem.minecraft.sticky_piston":53,"stat.useItem.minecraft.stone_button":3,"achievement.exploreAllBiomes":{"value":0,"progress":["Extreme Hills+","Deep Ocean","Ocean","Extreme Hills","Plains","Jungle","Hell","Birch Forest Hills","ForestHills","Forest","Birch Forest","Beach","Roofed Forest","Stone Beach","River","Swampland"]},"stat.useItem.minecraft.tnt":259,"stat.useItem.minecraft.bedrock":9,"stat.useItem.minecraft.heavy_weighted_pressure_plate":5,"stat.useItem.minecraft.carrot_on_a_stick":1,"stat.useItem.minecraft.wooden_door":2,"stat.useItem.minecraft.stained_glass":276,"stat.useItem.minecraft.minecart":10,"achievement.openInventory":60,"stat.damageDealt":1260,"stat.useItem.minecraft.obsidian":14,"stat.useItem.minecraft.planks":294,"stat.fallOneCm":211,"stat.flyOneCm":1868279,"stat.useItem.minecraft.golden_rail":33,"stat.useItem.minecraft.stone":73,"stat.damageTaken":20,"stat.useItem.minecraft.torch":184,"stat.useItem.minecraft.rail":71,"stat.useItem.minecraft.diamond_sword":1,"stat.useItem.minecraft.ladder":10,"stat.useItem.minecraft.double_plant":1,"stat.useItem.minecraft.flint_and_steel":11,"stat.climbOneCm":1531,"stat.useItem.minecraft.redstone":19,"stat.useItem.minecraft.potion":3,"stat.useItem.minecraft.sapling":133,"stat.drop":11,"stat.timeSinceDeath":663274,"stat.useItem.minecraft.repeater":11,"stat.leaveGame":16,"stat.killEntity.Creeper":1,"stat.diveOneCm":156567,"stat.useItem.minecraft.glowstone":343,"stat.useItem.minecraft.lever":1,"stat.useItem.minecraft.glass":1508,"stat.killEntity.Villager":1,"stat.playOneMinute":663274,"stat.useItem.minecraft.redstone_torch":10,"stat.useItem.minecraft.mossy_cobblestone":2399,"stat.useItem.minecraft.wooden_slab":5,"stat.swimOneCm":74549,"stat.mobKills":6,"stat.killEntity.Skeleton":1,"stat.horseOneCm":113789,"stat.useItem.minecraft.bucket":50,"stat.walkOneCm":468249,"stat.killEntity.Zombie":2,"stat.minecartOneCm":84271,"stat.useItem.minecraft.wooden_axe":5,"stat.useItem.minecraft.iron_door":3,"stat.jump":526,"stat.useItem.minecraft.spawn_egg":35,"stat.killEntity.Squid":1,"stat.sprintOneCm":210}