{"stat.mineBlock.minecraft.stonebrick":44,"stat.useItem.minecraft.chest":8,"stat.mineBlock.minecraft.furnace":3,"stat.craftItem.minecraft.iron_helmet":1,"stat.mineBlock.minecraft.emerald_ore":8,"stat.craftItem.minecraft.wooden_pickaxe":1,"stat.useItem.minecraft.stone_brick_stairs":184,"stat.craftItem.minecraft.bed":1,"stat.useItem.minecraft.cobblestone":18,"stat.craftItem.minecraft.iron_sword":2,"stat.craftItem.minecraft.cooked_chicken":16,"stat.useItem.minecraft.iron_hoe":108,"stat.mineBlock.minecraft.monster_egg":6,"stat.craftItem.minecraft.chest":8,"achievement.acquireIron":76,"achievement.openInventory":279,"stat.useItem.minecraft.iron_shovel":265,"stat.craftItem.minecraft.spruce_door":9,"stat.damageDealt":23120,"stat.killEntity.Bat":3,"stat.useItem.minecraft.spruce_fence":48,"stat.killEntity.Cow":4,"stat.crouchOneCm":12193,"achievement.exploreAllBiomes":{"value":0,"progress":["Extreme Hills+","Extreme Hills","Ocean","Birch Forest","Beach","Swampland","River","Stone Beach"]},"stat.useItem.minecraft.log":9,"stat.mineBlock.minecraft.spruce_stairs":4,"stat.craftItem.minecraft.iron_pickaxe":17,"stat.craftItem.minecraft.iron_chestplate":1,"stat.useItem.minecraft.spruce_door":19,"stat.mineBlock.minecraft.yellow_flower":8,"stat.craftItem.minecraft.furnace":12,"stat.craftItem.minecraft.torch":336,"stat.mineBlock.minecraft.log":253,"stat.breakItem.minecraft.iron_shovel":1,"stat.breakItem.minecraft.stone_shovel":4,"stat.useItem.minecraft.planks":84,"stat.fallOneCm":25234,"stat.mineBlock.minecraft.diamond_ore":7,"stat.flyOneCm":16094,"achievement.buildPickaxe":25,"stat.mineBlock.minecraft.torch":15,"stat.craftItem.minecraft.cooked_beef":10,"stat.mineBlock.minecraft.iron_ore":177,"achievement.buildFurnace":12,"stat.damageTaken":1929,"stat.useItem.minecraft.cooked_chicken":16,"stat.useItem.minecraft.torch":321,"stat.craftItem.minecraft.coal":2,"stat.craftItem.minecraft.bread":30,"stat.useItem.minecraft.bed":2,"stat.useItem.minecraft.stone_pickaxe":914,"stat.breakItem.minecraft.wooden_pickaxe":1,"stat.useItem.minecraft.water_bucket":36,"stat.craftItem.minecraft.stone_axe":4,"stat.mineBlock.minecraft.brown_mushroom":5,"stat.useItem.minecraft.wheat_seeds":148,"stat.killEntity.Chicken":18,"stat.craftItem.minecraft.stone_pickaxe":7,"stat.mineBlock.minecraft.cobblestone":27,"stat.mineBlock.minecraft.gold_ore":19,"stat.craftItem.minecraft.ladder":138,"stat.useItem.minecraft.stonebrick":386,"achievement.buildWorkBench":2,"stat.useItem.minecraft.stone":284,"stat.useItem.minecraft.furnace":15,"stat.breakItem.minecraft.stone_pickaxe":7,"stat.craftItem.minecraft.iron_leggings":1,"stat.craftItem.minecraft.gold_block":2,"stat.useItem.minecraft.ladder":126,"achievement.killCow":3,"stat.useItem.minecraft.stone_sword":356,"stat.climbOneCm":116192,"stat.useItem.minecraft.sapling":43,"stat.drop":3,"achievement.buildHoe":1,"stat.useItem.minecraft.bow":6,"stat.craftItem.minecraft.iron_shovel":3,"stat.craftItem.minecraft.iron_hoe":1,"achievement.mineWood":250,"stat.useItem.minecraft.spruce_stairs":4,"stat.craftItem.minecraft.iron_axe":1,"stat.useItem.minecraft.cooked_beef":10,"achievement.makeBread":35,"stat.mineBlock.minecraft.crafting_table":3,"achievement.killEnemy":88,"achievement.diamonds":6,"stat.killEntity.Creeper":8,"stat.craftItem.minecraft.stonebrick":900,"stat.craftItem.minecraft.iron_block":11,"stat.mineBlock.minecraft.planks":8,"stat.useItem.minecraft.crafting_table":5,"stat.playOneMinute":671033,"stat.killEntity.Rabbit":8,"stat.craftItem.minecraft.gold_ingot":28,"stat.useItem.minecraft.stone_shovel":525,"stat.killEntity.Enderman":1,"stat.leaveGame":9,"stat.mineBlock.minecraft.stone_brick_stairs":4,"stat.diveOneCm":24055,"stat.useItem.minecraft.cooked_rabbit":3,"stat.craftItem.minecraft.iron_ingot":196,"achievement.buildBetterPickaxe":24,"stat.craftItem.minecraft.bow":1,"stat.killEntity.Spider":10,"stat.killEntity.Slime":11,"stat.mineBlock.minecraft.sapling":7,"stat.timeSinceDeath":671033,"stat.craftItem.minecraft.stone_shovel":4,"stat.craftItem.minecraft.spruce_stairs":8,"stat.mineBlock.minecraft.leaves":106,"stat.useItem.minecraft.gravel":3,"stat.craftItem.minecraft.stick":520,"achievement.buildSword":7,"stat.craftItem.minecraft.bucket":1,"stat.swimOneCm":79760,"stat.killEntity.Skeleton":21,"stat.horseOneCm":4161,"stat.walkOneCm":3347411,"stat.killEntity.Silverfish":6,"stat.craftItem.minecraft.compass":1,"stat.mineBlock.minecraft.coal_ore":631,"stat.useItem.minecraft.bread":13,"stat.craftItem.minecraft.stone_brick_stairs":188,"stat.mineBlock.minecraft.lapis_ore":13,"stat.jump":3963,"stat.craftItem.minecraft.stone":1219,"stat.killEntity.Witch":1,"stat.mineBlock.minecraft.tallgrass":132,"stat.craftItem.minecraft.stone_sword":5,"stat.breakItem.minecraft.iron_pickaxe":14,"stat.mineBlock.minecraft.ladder":6,"stat.craftItem.minecraft.sign":6,"stat.craftItem.minecraft.spruce_fence":48,"stat.useItem.minecraft.stone_axe":367,"stat.mineBlock.minecraft.gravel":239,"stat.craftItem.minecraft.crafting_table":2,"stat.mobKills":121,"stat.craftItem.minecraft.cooked_rabbit":3,"stat.craftItem.minecraft.clock":1,"stat.mineBlock.minecraft.stone":3735,"stat.useItem.minecraft.bucket":37,"stat.craftItem.minecraft.planks":520,"stat.killEntity.Zombie":30,"stat.mineBlock.minecraft.redstone_ore":29,"stat.useItem.minecraft.sign":9,"stat.mineBlock.minecraft.dirt":620,"stat.useItem.minecraft.wooden_pickaxe":60,"stat.useItem.minecraft.iron_pickaxe":3752,"stat.craftItem.minecraft.iron_boots":1,"stat.breakItem.minecraft.stone_axe":2,"stat.sprintOneCm":7067,"stat.useItem.minecraft.dirt":326}